,City,Lat,Lng,Max Temp,Humidity,Cloudiness,Wind Speed,Country,Date
0,coquimbo,-29.95,-71.34,58.73,77,0,11.5,CL,1658856534
1,dalen,52.7,6.76,67.05,62,98,11.01,NL,1658856535
2,komsomolskiy,40.43,71.72,90.32,31,12,6.91,UZ,1658856535
3,buraydah,26.33,43.98,104.45,11,89,8.23,SA,1658856535
4,kapaa,22.08,-159.32,79.12,80,0,18.41,US,1658856536
5,bilibino,68.05,166.44,36.75,78,62,6.6,RU,1658856536
6,santa marta,11.24,-74.2,87.85,66,75,6.91,CO,1658856536
7,busselton,-33.65,115.33,49.84,78,20,6.8,AU,1658856537
8,tuktoyaktuk,69.45,-133.04,59.0,94,100,3.44,CA,1658856537
9,victoria,22.29,114.16,87.33,77,54,4.0,HK,1658856383
10,mahebourg,-20.41,57.7,71.26,94,75,6.91,MU,1658856538
11,oktyabrskoye,43.06,44.74,71.35,68,40,2.24,RU,1658856538
12,hermanus,-34.42,19.23,53.8,86,81,6.29,ZA,1658856538
13,high level,58.52,-117.14,64.51,82,75,4.61,CA,1658856539
14,port lincoln,-34.73,135.87,52.05,79,82,10.6,AU,1658856539
15,barrow,71.29,-156.79,35.62,87,100,23.02,US,1658856539
16,fortuna,40.6,-124.16,64.92,81,50,1.99,US,1658856540
17,sola,-13.88,167.55,79.97,78,13,11.77,VU,1658856540
18,butaritari,3.07,172.79,81.9,73,40,18.7,KI,1658856540
19,jamestown,42.1,-79.24,76.05,58,75,5.99,US,1658856541
20,yellowknife,62.46,-114.35,64.92,55,40,2.3,CA,1658856541
21,mar del plata,-38.0,-57.56,59.02,58,100,1.99,AR,1658856542
22,vaini,-21.2,-175.2,69.96,94,20,4.61,TO,1658856542
23,cape town,-33.93,18.42,59.27,79,20,5.75,ZA,1658856542
24,nikolskoye,59.7,30.79,76.8,56,63,5.97,RU,1658856543
25,quimper,48.0,-4.1,70.38,46,0,12.66,FR,1658856543
26,xam nua,20.42,104.04,69.73,76,25,2.51,LA,1658856544
27,avarua,-21.21,-159.78,69.85,73,75,8.05,CK,1658856436
28,derzhavinsk,51.1,66.32,76.62,35,97,12.5,KZ,1658856544
29,geraldton,-28.77,114.6,43.21,93,0,10.36,AU,1658856321
30,leningradskiy,69.38,178.42,33.17,99,100,10.09,RU,1658856255
31,port alfred,-33.59,26.89,63.7,65,1,13.13,ZA,1658856545
32,porto novo,6.5,2.6,78.62,83,99,11.32,BJ,1658856317
33,saint george,37.1,-113.58,84.63,60,0,3.0,US,1658856545
34,punta arenas,-53.15,-70.92,37.42,74,99,7.09,CL,1658856272
35,pacific grove,36.62,-121.92,64.81,87,100,4.0,US,1658856321
36,taksimo,56.34,114.88,66.34,81,86,1.07,RU,1658856426
37,lasa,46.62,10.7,76.08,78,43,5.28,IT,1658856546
38,qaanaaq,77.48,-69.36,43.23,62,2,1.5,GL,1658856546
39,ondangwa,-17.92,15.95,73.58,21,31,10.09,NA,1658856547
40,groa,62.65,8.72,55.92,95,100,7.99,NO,1658856547
41,hilo,19.73,-155.09,77.29,95,75,5.75,US,1658856403
42,hobart,-42.88,147.33,46.26,94,75,6.91,AU,1658856521
43,hearst,49.68,-83.67,75.45,42,52,8.25,CA,1658856249
44,tuatapere,-46.13,167.68,44.58,95,100,9.6,NZ,1658856548
45,svetlyy,54.68,20.13,69.96,76,100,10.07,RU,1658856548
46,lake city,30.19,-82.64,91.85,58,75,4.61,US,1658856266
47,pevek,69.7,170.31,32.47,85,59,4.14,RU,1658856548
48,ushuaia,-54.8,-68.3,38.86,52,20,4.61,AR,1658856549
49,rikitea,-23.12,-134.97,75.25,74,100,14.54,PF,1658856549
50,khatanga,71.97,102.5,68.2,53,100,7.63,RU,1658856550
51,zhangye,38.93,100.45,69.75,42,78,8.41,CN,1658856550
52,bilma,18.69,12.92,101.98,9,22,6.24,NE,1658856550
53,saskylakh,71.92,114.08,65.44,70,66,2.13,RU,1658856551
54,gizo,-8.1,156.84,81.45,76,94,5.35,SB,1658856551
55,caborca,30.58,-111.1,82.71,52,84,1.9,MX,1658856551
56,provideniya,64.38,-173.3,42.37,73,54,6.02,RU,1658856331
57,sao filipe,14.9,-24.5,78.4,80,81,3.31,CV,1658856552
58,arraial do cabo,-22.97,-42.03,78.76,73,20,20.71,BR,1658856304
59,weinan,34.5,109.51,78.66,86,39,1.95,CN,1658856552
60,lata,40.16,-8.33,78.03,42,0,12.88,PT,1658856552
61,kununurra,-15.77,128.73,75.18,29,84,13.8,AU,1658856553
62,mount isa,-20.73,139.5,56.97,38,0,13.8,AU,1658856363
63,haimen,23.19,116.61,84.09,85,36,6.11,CN,1658856553
64,dunmore east,52.15,-6.99,64.69,66,0,5.75,IE,1658856554
65,dolinsk,47.35,142.8,64.02,92,94,1.28,RU,1658856554
66,ialibu,-6.28,143.99,56.37,99,100,1.16,PG,1658856554
67,hambantota,6.12,81.12,77.99,86,95,8.66,LK,1658856555
68,alyangula,-13.85,136.42,68.4,82,1,9.57,AU,1658856555
69,esperance,-33.87,121.9,53.44,82,95,10.42,AU,1658856555
70,pauini,-7.71,-66.98,96.85,25,2,4.32,BR,1658856556
71,saldanha,-33.01,17.94,55.45,85,38,0.63,ZA,1658856556
72,hithadhoo,-0.6,73.08,82.06,78,92,13.09,MV,1658856557
73,gombong,-7.61,109.51,71.74,91,42,2.68,ID,1658856557
74,saint-francois,46.42,3.91,78.24,38,0,12.66,FR,1658856557
75,wentzville,38.81,-90.85,71.28,94,100,3.0,US,1658856422
76,sao joao da barra,-21.64,-41.05,78.89,69,28,10.87,BR,1658856558
77,hasaki,35.73,140.83,77.4,93,94,17.0,JP,1658856558
78,vila franca do campo,37.72,-25.43,75.61,82,61,6.24,PT,1658856559
79,urengoy,65.97,78.37,56.5,61,55,7.16,RU,1658856559
80,challapata,-18.9,-66.77,56.26,29,70,6.13,BO,1658856559
81,oranjemund,-28.55,16.43,54.75,85,6,3.98,NA,1658856560
82,ahipara,-35.17,173.17,55.62,80,99,17.65,NZ,1658856560
83,avera,33.19,-82.53,91.45,43,100,10.33,US,1658856561
84,basco,20.45,121.97,84.94,74,26,7.18,PH,1658856561
85,srivardhan,18.03,73.02,79.97,83,100,0.76,IN,1658856561
86,harper,4.38,-7.72,76.77,79,98,8.68,LR,1658856562
87,chuy,-33.7,-53.46,66.83,81,99,7.14,UY,1658856562
88,shelburne,44.08,-80.2,71.24,60,84,7.31,CA,1658856562
89,vanavara,60.34,102.28,59.11,97,39,6.04,RU,1658856563
90,albany,42.6,-73.97,77.29,51,90,1.01,US,1658856273
91,atuona,-9.8,-139.03,77.07,76,5,17.49,PF,1658856563
92,melito di porto salvo,37.92,15.77,88.36,55,0,17.27,IT,1658856563
93,machala,-3.27,-79.97,76.95,78,100,3.44,EC,1658856564
94,moba,33.23,105.02,64.94,98,99,4.52,CN,1658856564
95,le port,-20.94,55.29,69.76,73,39,6.82,RE,1658856304
96,karratha,-20.74,116.85,68.56,33,54,6.82,AU,1658856564
97,buin,-33.73,-70.75,64.44,58,58,4.27,CL,1658856565
98,warragul,-38.17,145.93,48.09,87,51,5.12,AU,1658856565
99,carnarvon,-24.87,113.63,64.09,59,0,12.66,AU,1658856565
100,saint-philippe,-21.36,55.77,67.59,80,46,8.5,RE,1658856566
101,samarai,-10.62,150.67,78.44,84,100,7.43,PG,1658856566
102,berlevag,70.86,29.09,66.2,82,100,8.05,NO,1658856566
103,koutiala,12.39,-5.46,89.37,52,69,4.36,ML,1658856567
104,waipawa,-41.41,175.52,48.9,98,95,9.01,NZ,1658856567
105,sandovo,58.46,36.41,70.45,76,85,1.97,RU,1658856567
106,dire,12.28,-10.97,86.63,69,81,2.82,ML,1658856568
107,huejuquilla el alto,22.6,-103.87,68.07,66,100,1.45,MX,1658856568
108,padang,-0.95,100.35,76.95,86,59,3.11,ID,1658856568
109,moose factory,51.26,-80.61,62.6,72,40,4.61,CA,1658856569
110,rupert,42.62,-113.68,80.55,26,0,8.05,US,1658856569
111,tual,-5.67,132.75,79.16,80,52,21.81,ID,1658856569
112,caravelas,-17.71,-39.25,77.27,62,11,7.96,BR,1658856303
113,manbij,36.53,37.95,90.1,16,0,18.5,SY,1658856570
114,mirwah,13.92,43.92,73.83,52,94,11.01,YE,1658856570
115,ribeira grande,38.52,-28.7,81.0,78,40,10.36,PT,1658856570
116,tasiilaq,65.61,-37.64,44.76,93,100,2.01,GL,1658856571
117,yulara,-25.24,130.99,45.16,53,0,9.13,AU,1658856571
118,bluff,-46.6,168.33,44.8,90,100,23.89,NZ,1658856572
119,mataura,-46.19,168.86,44.47,97,100,7.85,NZ,1658856572
120,constitucion,-35.33,-72.42,55.44,86,100,11.07,CL,1658856573
121,kismayo,-0.36,42.55,75.88,79,11,19.06,SO,1658856573
122,pitimbu,-7.47,-34.81,82.99,73,65,11.79,BR,1658856573
123,beringovskiy,63.05,179.32,46.9,87,99,5.28,RU,1658856574
124,ostrovnoy,68.05,39.51,58.23,90,100,17.29,RU,1658856574
125,te anau,-45.42,167.72,42.19,97,100,3.8,NZ,1658856574
126,iqaluit,63.75,-68.51,51.53,76,20,6.91,CA,1658856575
127,souillac,-20.52,57.52,68.38,94,75,6.91,MU,1658856575
128,tazovskiy,67.47,78.7,54.55,69,97,7.27,RU,1658856575
129,elizabeth city,36.29,-76.25,91.42,58,40,16.11,US,1658856576
130,norman wells,65.28,-126.83,69.84,52,40,8.05,CA,1658856576
131,weihe,33.0,105.32,69.48,98,98,1.03,CN,1658856577
132,bredasdorp,-34.53,20.04,52.34,78,49,6.6,ZA,1658856577
133,opuwo,-18.06,13.84,71.82,22,46,4.23,NA,1658856325
134,salym,60.06,71.48,58.84,64,39,5.66,RU,1658856578
135,sika,13.35,-16.34,86.14,68,92,10.29,GM,1658856578
136,port hawkesbury,45.62,-61.35,82.89,74,20,6.91,CA,1658856578
137,tilichiki,60.47,166.1,49.35,77,97,3.58,RU,1658856579
138,naze,28.37,129.48,76.12,75,13,6.91,JP,1658856579
139,nioro,13.35,-15.75,86.76,64,87,8.1,GM,1658856579
140,linkou,45.3,130.28,68.34,93,52,2.3,CN,1658856580
141,mizan teferi,6.98,35.58,62.37,95,98,2.75,ET,1658856580
142,humen,22.82,113.67,88.05,68,53,10.47,CN,1658856580
143,grindavik,63.84,-22.43,54.07,94,100,18.41,IS,1658856580
144,nagar,27.43,77.1,84.79,70,72,8.59,IN,1658856581
145,castro,-24.79,-50.01,74.95,41,0,2.28,BR,1658856302
146,umm lajj,25.02,37.27,86.95,71,10,5.77,SA,1658856581
147,puerto ayora,-0.74,-90.35,75.16,90,100,8.01,EC,1658856569
148,barentu,15.11,37.59,73.99,72,100,4.05,ER,1658856583
149,bathsheba,13.22,-59.52,88.41,83,40,23.02,BB,1658856583
150,sur,22.57,59.53,83.55,74,80,12.5,OM,1658856583
151,santa rosa,14.31,121.11,80.11,89,86,3.31,PH,1658856584
152,koungou,-12.73,45.2,74.91,78,0,9.22,YT,1658856584
153,kailaras,26.32,77.62,82.62,79,22,6.53,IN,1658856585
154,pangody,65.85,74.49,51.85,70,86,8.39,RU,1658856585
155,bandarbeyla,9.49,50.81,76.73,81,44,30.62,SO,1658856585
156,thompson,55.74,-97.86,62.76,77,75,3.44,CA,1658856393
157,poso,-1.4,120.75,77.13,84,69,6.26,ID,1658856586
158,coro,11.4,-69.67,88.68,58,8,21.09,VE,1658856586
159,northport,33.23,-87.58,91.13,68,40,4.61,US,1658856352
160,nouadhibou,20.93,-17.03,87.78,62,0,10.36,MR,1658856587
161,fuxin,42.02,121.66,69.31,84,2,3.31,CN,1658856587
162,maxixe,-23.86,35.35,63.57,70,2,6.53,MZ,1658856587
163,lithakia,37.72,20.83,87.08,62,0,5.75,GR,1658856588
164,kaitangata,-46.28,169.85,45.32,95,100,15.64,NZ,1658856588
165,north platte,41.12,-100.77,76.32,83,40,10.36,US,1658856557
166,kalianget,-7.05,113.93,79.03,76,95,4.9,ID,1658856589
167,tono,39.32,141.53,69.85,95,0,2.59,JP,1658856589
168,bethel,41.37,-73.41,82.36,51,0,5.75,US,1658856315
169,upernavik,72.79,-56.15,37.63,91,91,11.77,GL,1658856589
170,gaya,24.78,85.0,78.71,100,100,0.0,IN,1658856590
171,xapuri,-10.65,-68.5,96.12,28,22,3.8,BR,1658856590
172,marsh harbour,26.54,-77.06,84.69,75,46,18.86,BS,1658856590
173,panama city,8.99,-79.52,86.29,75,40,5.75,PA,1658856590
174,meulaboh,4.14,96.13,75.96,90,100,6.2,ID,1658856591
175,kruisfontein,-34.0,24.73,57.88,49,1,5.91,ZA,1658856591
176,boysun,38.21,67.2,87.22,17,0,10.47,UZ,1658856591
177,messina,38.19,15.55,88.0,69,0,17.27,IT,1658856592
178,ponta do sol,32.67,-17.1,83.12,48,51,6.38,PT,1658856592
179,cherskiy,68.75,161.3,37.22,81,6,10.11,RU,1658856592
180,peniche,39.36,-9.38,78.3,70,0,16.33,PT,1658856593
181,nhulunbuy,-12.23,136.77,72.21,88,9,9.22,AU,1658856593
182,lazi,48.07,24.23,76.03,54,26,1.88,UA,1658856593
183,shimoda,34.67,138.95,76.1,93,87,6.76,JP,1658856593
184,luderitz,-26.65,15.16,56.07,78,25,5.59,NA,1658856594
185,sakakah,29.97,40.21,99.97,9,0,7.23,SA,1658856594
186,cabo san lucas,22.89,-109.91,91.62,61,0,6.91,MX,1658856436
187,jackson,42.42,-122.83,87.93,42,0,3.44,US,1658856594
188,georgiyevka,43.04,74.71,82.44,23,0,6.71,KZ,1658856595
189,monticello,45.31,-93.79,75.15,69,100,5.75,US,1658856311
190,nyurba,63.28,118.33,69.3,85,5,5.61,RU,1658856595
191,kahului,20.89,-156.47,78.82,78,40,10.36,US,1658856595
192,faanui,-16.48,-151.75,76.21,79,75,6.85,PF,1658856596
193,camapua,-19.53,-54.04,93.79,18,0,3.38,BR,1658856596
194,brownwood,31.71,-98.99,96.12,40,1,10.33,US,1658856597
195,channel-port aux basques,47.57,-59.14,63.41,92,99,10.87,CA,1658856597
196,marawi,8.0,124.29,69.71,92,96,2.73,PH,1658856597
197,ahuimanu,21.44,-157.84,79.36,75,20,13.8,US,1658856597
198,terney,45.05,136.61,65.05,97,18,7.61,RU,1658856598
199,la ronge,55.1,-105.28,64.62,68,75,17.27,CA,1658856598
200,cidreira,-30.18,-50.21,65.61,82,5,12.26,BR,1658856598
201,port elizabeth,-33.92,25.57,60.1,88,0,2.3,ZA,1658856599
202,santa maria,-29.68,-53.81,70.9,78,0,9.22,BR,1658856459
203,torbay,47.67,-52.73,77.77,78,75,21.85,CA,1658856599
204,baykit,61.67,96.37,61.45,97,100,7.25,RU,1658856599
205,walvis bay,-22.96,14.51,58.15,67,4,8.05,NA,1658856600
206,plaster rock,46.91,-67.39,73.6,47,26,10.11,CA,1658856600
207,wajir,1.75,40.06,84.16,34,20,0.0,KE,1658856600
208,tamandare,-8.76,-35.1,76.86,79,76,11.25,BR,1658856601
209,zaragoza,41.66,-0.88,88.02,30,0,24.16,ES,1658856520
210,lithgow,-33.48,150.15,34.57,83,85,12.5,AU,1658856601
211,port macquarie,-31.43,152.92,47.89,63,28,12.26,AU,1658856601
212,kieta,-6.22,155.63,78.42,83,100,1.32,PG,1658856602
213,general roca,-39.03,-67.58,46.13,95,100,12.26,AR,1658856602
214,cayenne,4.93,-52.33,89.64,9,20,12.66,GF,1658856334
215,zhuanghe,39.7,122.99,71.62,87,70,5.48,CN,1658856603
216,penjamo,20.43,-101.73,80.55,43,85,1.66,MX,1658856603
217,rognan,67.1,15.39,59.76,48,100,4.63,NO,1658856603
218,chama,47.18,8.46,79.16,60,75,4.61,CH,1658856604
219,guerrero negro,27.98,-114.06,79.25,53,87,6.38,MX,1658856604
220,baglung,28.27,83.59,71.4,95,99,0.51,NP,1658856605
221,vostok,46.49,135.88,60.1,96,0,2.51,RU,1658856605
222,new norfolk,-42.78,147.06,45.9,87,99,2.64,AU,1658856606
223,klaksvik,62.23,-6.59,52.72,76,100,10.11,FO,1658856606
224,porto seguro,-16.45,-39.06,72.12,88,75,4.61,BR,1658856606
225,olafsvik,64.89,-23.71,53.04,91,100,15.61,IS,1658856607
226,east london,-33.02,27.91,61.74,77,0,6.91,ZA,1658856571
227,providencia,28.72,-111.58,91.24,61,86,8.23,MX,1658856607
228,kavaratti,10.57,72.64,80.78,79,100,17.29,IN,1658856608
229,challans,46.84,-1.87,76.12,57,26,15.84,FR,1658856608
230,portland,45.52,-122.68,87.64,55,0,5.99,US,1658856517
231,kizukuri,40.81,140.39,72.95,99,57,1.25,JP,1658856608
232,salto,-31.38,-57.97,79.88,64,58,11.01,UY,1658856610
233,high rock,26.62,-78.28,87.82,74,13,16.96,BS,1658856610
234,vao,-22.67,167.48,67.62,63,0,8.01,NC,1658856611
235,luangwa,-15.62,30.42,69.12,64,0,12.01,ZM,1658856611
236,takoradi,4.88,-1.76,76.03,85,98,12.06,GH,1658856611
237,batticaloa,7.71,81.69,80.08,78,71,5.79,LK,1658856612
238,byron bay,-28.65,153.62,53.94,56,0,12.39,AU,1658856612
239,kavieng,-2.57,150.8,82.53,69,100,12.41,PG,1658856612
240,sisimiut,66.94,-53.67,43.7,82,81,8.46,GL,1658856613
241,honiara,-9.43,159.95,76.35,85,47,2.91,SB,1658856613
242,choma,-16.81,26.95,56.25,43,0,3.83,ZM,1658856613
243,a coruna,43.37,-8.4,75.92,64,20,14.0,ES,1658856315
244,itarema,-2.92,-39.92,83.68,57,39,16.49,BR,1658856614
245,airai,-8.93,125.41,53.15,74,65,3.83,TL,1658856614
246,longyearbyen,78.22,15.64,48.04,87,75,5.75,SJ,1658856616
247,redlands,34.06,-117.18,96.94,50,20,3.44,US,1658856616
248,mnogovershinnyy,53.94,139.92,51.91,97,96,3.53,RU,1658856617
249,mankono,8.06,-6.19,81.07,74,98,1.68,CI,1658856617
250,mweka,-4.85,21.57,80.22,29,82,0.34,CD,1658856617
251,bengkulu,-3.8,102.27,75.79,88,97,3.44,ID,1658856618
252,myanaung,18.28,95.32,81.61,75,85,1.81,MM,1658856618
253,tupik,54.43,119.93,61.74,93,98,4.14,RU,1658856618
254,homer,59.64,-151.55,53.47,72,0,16.11,US,1658856619
255,mugur-aksy,50.35,90.5,48.72,67,65,2.55,RU,1658856619
256,nouakchott,18.09,-15.98,87.73,75,49,13.47,MR,1658856367
257,praia da vitoria,38.73,-27.07,80.76,78,40,5.12,PT,1658856620
258,axim,4.87,-2.24,76.57,84,96,11.52,GH,1658856620
259,muzhi,65.37,64.67,55.2,70,100,13.69,RU,1658856620
260,salalah,17.02,54.09,77.09,100,100,6.91,OM,1658856398
261,camacha,33.08,-16.33,72.82,73,40,16.11,PT,1658856621
262,liku,-0.73,119.89,76.03,88,87,2.44,ID,1658856621
263,taywarah,33.35,64.42,70.36,42,86,0.83,AF,1658856622
264,novo aripuana,-5.12,-60.38,98.62,25,6,4.18,BR,1658856622
265,cockburn town,21.46,-71.14,83.12,76,23,19.33,TC,1658856622
266,aklavik,68.22,-135.01,64.15,53,100,13.53,CA,1658856623
267,ribeira brava,32.65,-17.07,83.12,48,51,6.93,PT,1658856623
268,sitka,57.05,-135.33,57.09,94,100,3.44,US,1658856623
269,matadi,-5.82,13.45,80.98,51,81,7.05,CD,1658856624
270,whithorn,18.26,-78.04,78.06,66,94,2.08,JM,1658856624
271,rocha,-34.48,-54.33,66.34,87,100,7.45,UY,1658856624
272,maumere,-8.62,122.21,74.98,73,12,2.57,ID,1658856625
273,ambon,-3.7,128.18,80.74,14,40,8.05,ID,1658856625
274,barra do garcas,-15.89,-52.26,91.98,29,0,13.8,BR,1658856625
275,ondjiva,-17.07,15.73,68.09,25,49,6.69,AO,1658856626
276,quatre cocos,-20.21,57.76,70.09,79,12,12.73,MU,1658856626
277,barcelos,41.54,-8.62,82.92,54,0,10.96,PT,1658856627
278,chenghai,23.46,116.77,84.11,84,20,2.24,CN,1658856627
279,aku,6.71,7.32,72.72,96,87,6.26,NG,1658856627
280,alofi,-19.06,-169.92,62.49,94,13,2.3,NU,1658856628
281,port lavaca,28.62,-96.63,95.29,60,40,6.91,US,1658856612
282,uthal,25.81,66.62,81.84,86,100,5.91,PK,1658856628
283,mahibadhoo,3.78,72.97,82.35,78,20,17.76,MV,1658856628
284,busko-zdroj,50.47,20.72,66.09,93,100,6.33,PL,1658856629
285,oktyabrskiy,54.48,53.47,66.16,88,57,3.89,RU,1658856629
286,narsaq,60.92,-46.05,57.42,81,93,4.99,GL,1658856630
287,sambava,-14.27,50.17,70.45,80,26,10.92,MG,1658856630
288,dwarka,22.24,68.97,82.35,81,100,15.46,IN,1658856630
289,lufilufi,-13.87,-171.6,74.98,80,58,20.62,WS,1658856631
290,cao bang,22.67,106.25,75.16,93,30,2.35,VN,1658856631
291,baghdad,33.34,44.4,94.91,18,0,5.75,IQ,1658856367
292,khorixas,-20.37,14.97,65.89,29,4,9.86,NA,1658856632
293,yumen,40.28,97.2,76.06,17,31,11.43,CN,1658856632
294,tiksi,71.69,128.87,49.73,89,64,2.26,RU,1658856335
295,peringat,6.03,102.28,76.98,94,20,0.0,MY,1658856633
296,itarantim,-15.66,-40.07,79.3,42,67,7.92,BR,1658856633
297,mount gambier,-37.83,140.77,50.43,93,37,8.37,AU,1658856364
298,maloy,61.94,5.11,51.53,82,100,21.07,NO,1658856634
299,taoudenni,22.68,-3.98,112.14,7,4,16.33,ML,1658856634
300,hudson bay,52.85,-102.38,65.64,63,37,12.06,CA,1658856634
301,aljezur,37.32,-8.8,71.71,73,3,16.73,PT,1658856635
302,lac du bonnet,50.25,-96.06,70.9,58,78,10.54,CA,1658856635
303,bambous virieux,-20.34,57.76,70.21,94,75,6.91,MU,1658856636
304,gondanglegi,-7.75,112.01,72.61,85,62,7.49,ID,1658856636
305,punta alta,-38.88,-62.07,53.91,91,99,10.16,AR,1658856636
306,springbok,-29.66,17.89,45.77,80,0,3.02,ZA,1658856637
307,moss vale,-34.55,150.38,44.15,82,15,10.87,AU,1658856637
308,fontem,5.47,9.88,66.67,97,96,0.78,CM,1658856638
309,erzin,36.96,36.2,77.4,66,0,3.91,TR,1658856638
310,yeniseysk,58.45,92.17,56.01,86,100,4.54,RU,1658856639
311,whitehorse,60.72,-135.05,66.97,55,75,18.41,CA,1658856639
312,nanortalik,60.14,-45.24,45.86,87,87,4.54,GL,1658856640
313,college,64.86,-147.8,53.55,64,75,13.8,US,1658856641
314,chapais,49.78,-74.85,60.58,92,100,9.66,CA,1658856641
315,chagoda,59.16,35.33,68.85,73,93,3.27,RU,1658856641
316,pontianak,-0.03,109.33,75.18,100,100,5.75,ID,1658856598
317,leh,34.17,77.58,64.83,60,90,3.96,IN,1658856643
318,dhidhdhoo,6.88,73.1,81.66,79,42,16.13,MV,1658856643
319,ilulissat,69.22,-51.1,48.22,87,75,3.44,GL,1658856643
320,methoni,36.82,21.7,84.06,70,0,6.04,GR,1658856644
321,sioux lookout,50.1,-91.92,60.87,100,75,6.91,CA,1658856400
322,cepu,-7.15,111.59,72.59,84,48,2.89,ID,1658856644
323,kodiak,57.79,-152.41,53.11,58,0,8.05,US,1658856433
324,bima,-8.47,118.72,71.15,92,32,4.54,ID,1658856645
325,huinan,42.62,126.26,67.73,90,10,3.8,CN,1658856645
326,inirida,3.87,-67.92,81.21,76,94,3.24,CO,1658856646
327,golubitskaya,45.32,37.28,72.01,71,34,5.32,RU,1658856646
328,khudumelapye,-23.88,24.75,64.08,34,6,5.5,BW,1658856647
329,san patricio,28.02,-97.52,94.06,44,53,16.44,US,1658856647
330,isangel,-19.55,169.27,73.22,88,87,13.85,VU,1658856647
331,ixtapa,20.7,-105.2,86.23,74,100,5.01,MX,1658856394
332,saint-augustin,51.23,-58.65,71.94,56,75,20.0,CA,1658856648
333,chokurdakh,70.63,147.92,43.45,69,100,10.49,RU,1658856649
334,ler,8.3,30.14,73.47,95,99,0.98,SS,1658856649
335,edd,13.93,41.69,90.79,67,91,6.87,ER,1658856650
336,tikhvin,59.65,33.53,71.22,70,96,3.83,RU,1658856650
337,kirakira,-10.45,161.92,78.71,84,84,6.24,SB,1658856650
338,tulum,20.22,-87.47,89.46,55,80,7.52,MX,1658856607
339,namtsy,62.72,129.67,61.84,70,14,2.82,RU,1658856651
340,dubbo,-32.25,148.62,39.33,87,40,6.91,AU,1658856652
341,bahia blanca,-38.72,-62.27,56.73,86,96,8.86,AR,1658856652
342,marzuq,14.4,46.47,85.75,41,89,6.4,YE,1658856652
343,hokitika,-42.72,170.97,46.56,80,67,5.26,NZ,1658856653
344,codrington,-38.27,141.97,51.87,91,69,12.62,AU,1658856372
345,sao jose da coroa grande,-8.9,-35.15,76.95,79,84,12.28,BR,1658856653
346,antofagasta,-23.65,-70.4,58.28,72,15,8.9,CL,1658856654
347,katsuura,35.13,140.3,79.03,92,90,14.07,JP,1658856654
348,binabalian,16.42,119.93,83.21,76,98,5.12,PH,1658856655
349,tullahoma,35.36,-86.21,89.22,70,86,9.15,US,1658856655
350,lompoc,34.64,-120.46,66.85,85,100,3.0,US,1658856656
351,santiago del estero,-27.8,-64.26,87.21,38,47,10.16,AR,1658856657
352,singaraja,-8.11,115.09,76.89,80,57,4.41,ID,1658856658
353,lebu,-37.62,-73.65,54.3,78,10,18.23,CL,1658856658
354,kitgum,3.28,32.89,70.7,72,78,5.03,UG,1658856659
355,ganzhou,28.82,115.43,84.24,62,94,2.86,CN,1658856659
356,dikson,73.51,80.55,49.71,70,85,23.82,RU,1658856659
357,severo-kurilsk,50.68,156.12,51.33,88,100,6.8,RU,1658856660
358,havoysund,71.0,24.66,59.23,88,87,7.11,NO,1658856660
359,mocuba,-16.84,36.99,62.83,89,87,2.95,MZ,1658856661
360,spornoye,50.84,37.29,66.04,83,82,4.99,RU,1658856661
361,pisco,-13.7,-76.22,64.45,77,100,8.05,PE,1658856662
362,bangsund,64.4,11.39,55.31,88,75,8.05,NO,1658856662
363,nome,64.5,-165.41,42.87,81,100,21.85,US,1658856662
364,grand forks,47.94,-97.43,71.78,64,40,11.5,US,1658856650
365,seoul,37.57,126.98,80.2,86,75,3.44,KR,1658856663
366,esterhazy,50.65,-102.08,68.85,55,30,14.41,CA,1658856663
367,brookhaven,31.58,-90.44,89.24,51,89,7.2,US,1658856618
368,cornwall,45.02,-74.73,76.24,56,20,9.22,CA,1658856664
369,deputatskiy,69.3,139.9,48.43,73,81,2.33,RU,1658856664
370,green river,41.53,-109.47,84.97,27,13,1.99,US,1658856665
371,atambua,-9.11,124.89,66.6,87,74,6.04,ID,1658856437
372,okha,53.57,142.95,54.64,95,100,5.12,RU,1658856665
373,bardiyah,31.76,25.09,80.85,66,0,16.53,LY,1658856666
374,eten,-6.91,-79.86,70.05,64,40,11.5,PE,1658856666
375,rundu,-17.93,19.77,67.21,26,43,6.78,NA,1658856667
376,pokhvistnevo,53.65,52.13,68.65,79,86,6.13,RU,1658856667
377,zaton,53.29,83.81,69.39,52,0,6.71,RU,1658856668
378,xining,36.62,101.77,57.45,84,61,5.99,CN,1658856668
379,pochutla,15.74,-96.47,88.83,57,77,7.14,MX,1658856668
380,ulladulla,-35.35,150.47,45.97,77,7,8.61,AU,1658856669
381,sydney,-33.87,151.21,49.62,71,0,12.66,AU,1658856536
382,wainwright,52.84,-110.86,66.67,57,69,8.59,CA,1658856654
383,la fria,8.22,-72.24,82.51,54,75,6.33,VE,1658856669
384,ceyhan,37.02,35.82,89.94,63,0,5.82,TR,1658856670
385,shangqiu,34.45,115.65,77.31,83,3,1.83,CN,1658856670
386,oxapampa,-10.58,-75.4,66.65,84,100,3.29,PE,1658856671
387,havelock,34.88,-76.9,91.98,78,40,13.8,US,1658856671
388,korla,41.76,86.15,86.63,18,6,3.24,CN,1658856672
389,ajdabiya,30.76,20.23,81.28,62,0,16.35,LY,1658856672
390,biograd na moru,43.94,15.45,93.9,70,20,18.12,HR,1658856672
391,igdir,39.92,44.04,85.19,32,20,5.75,TR,1658856673
392,port blair,11.67,92.75,80.64,83,40,3.44,IN,1658856673
393,imbituba,-28.24,-48.67,74.86,85,0,13.0,BR,1658856674
394,evensk,61.95,159.23,49.5,93,75,2.8,RU,1658856674
395,marystown,47.17,-55.15,69.85,100,100,8.01,CA,1658856674
396,zyryanka,65.75,150.85,50.09,52,87,13.87,RU,1658856675
397,russell,32.35,-85.2,90.37,62,40,4.61,US,1658856675
398,abu samrah,35.3,37.18,85.17,30,0,11.48,SY,1658856675
399,zhangjiakou,40.81,114.88,69.19,85,42,4.47,CN,1658856676
400,piranhas,-16.43,-51.82,93.94,19,0,4.07,BR,1658856676
401,krasnoselkup,65.7,82.47,54.19,69,0,9.73,RU,1658856677
402,hualmay,-11.1,-77.61,66.0,72,90,11.65,PE,1658856401
403,tianpeng,30.99,103.94,86.47,86,2,4.45,CN,1658856677
404,boca do acre,-8.75,-67.4,97.54,23,6,3.98,BR,1658856678
405,broken hill,-31.95,141.43,42.85,83,0,7.14,AU,1658856678
406,woodinville,47.75,-122.16,86.11,61,0,5.75,US,1658856610
407,kimparana,12.83,-4.92,92.86,43,71,7.27,ML,1658856679
408,margate,51.38,1.39,64.9,65,100,3.0,GB,1658856679
409,big rapids,43.7,-85.48,77.09,52,75,8.05,US,1658856680
410,batemans bay,-35.72,150.18,51.1,75,10,7.31,AU,1658856617
411,kenai,60.55,-151.26,55.15,73,0,20.71,US,1658856680
412,novyy urengoy,66.08,76.63,57.76,64,95,6.33,RU,1658856681
413,samana,19.21,-69.34,88.02,74,40,6.91,DO,1658856681
414,vitim,59.45,112.56,66.47,74,64,8.79,RU,1658856681
415,tucuman,-26.82,-65.22,78.8,57,6,3.44,AR,1658856682
416,outlook,51.5,-107.05,73.45,37,75,11.61,CA,1658856649
417,touros,-5.2,-35.46,81.14,64,64,17.22,BR,1658856682
418,beyneu,45.32,55.2,81.66,33,0,11.79,KZ,1658856683
419,hays,30.05,-98.03,97.27,44,12,4.0,US,1658856683
420,ilhabela,-23.78,-45.36,72.36,77,9,4.63,BR,1658856684
421,sampit,-2.53,112.95,72.86,99,88,1.95,ID,1658856684
422,kjollefjord,70.95,27.35,66.02,72,20,3.44,NO,1658856684
423,shache,38.42,77.24,90.01,17,12,8.52,CN,1658856685
424,guanica,17.97,-66.91,91.51,69,1,18.79,PR,1658856685
425,namatanai,-3.67,152.43,79.14,80,100,6.44,PG,1658856686
426,acapulco,16.86,-99.89,87.62,62,20,3.44,MX,1658856686
427,kapit,2.02,112.93,73.35,99,98,1.95,MY,1658856686
428,usinsk,65.99,57.53,51.84,73,91,7.81,RU,1658856687
429,faya,18.39,42.45,69.91,57,100,4.45,SA,1658856687
430,tiznit,29.58,-9.5,95.13,19,0,8.59,MA,1658856688
431,tura,25.52,90.22,73.6,88,81,3.38,IN,1658856688
432,north bend,43.41,-124.22,56.07,94,100,5.75,US,1658856650
433,calabozo,8.92,-67.43,83.5,68,72,7.23,VE,1658856688
434,jalu,29.03,21.55,94.71,15,6,7.2,LY,1658856689
435,karwar,14.8,74.13,78.24,83,100,4.99,IN,1658856689
436,wasilla,61.58,-149.44,55.65,62,0,9.22,US,1658856418
437,batagay,67.63,134.63,62.22,75,16,3.42,RU,1658856689
438,ayia marina,37.75,23.53,90.43,64,0,7.2,GR,1658856690
439,sidney,-33.87,151.21,49.62,72,0,12.66,AU,1658856691
440,novonikolayevskiy,50.97,42.36,65.79,92,100,4.74,RU,1658856692
441,calama,-22.47,-68.93,72.09,7,0,13.8,CL,1658856692
442,novi troyany,45.94,28.86,78.24,37,15,10.47,UA,1658856692
443,desaguadero,-16.57,-69.04,53.94,39,38,11.05,PE,1658856693
444,turan,16.07,108.22,82.38,78,20,1.14,VN,1658856686
445,asau,46.43,26.4,83.32,50,2,0.4,RO,1658856693
446,sechura,-5.56,-80.82,72.48,63,95,10.13,PE,1658856693
447,lorengau,-2.02,147.27,81.7,79,100,9.64,PG,1658856694
448,raudeberg,61.99,5.14,50.67,81,100,20.71,NO,1658856694
449,kilrush,52.64,-9.48,60.55,65,45,8.19,IE,1658856695
450,talnakh,69.49,88.4,56.21,89,56,5.73,RU,1658856695
451,turukhansk,65.82,87.98,52.48,84,18,1.23,RU,1658856696
452,bourail,-21.57,165.48,63.81,84,0,4.38,NC,1658856696
453,labuhan,-6.88,112.21,74.79,84,87,6.51,ID,1658856696
454,jawhar,2.78,45.5,74.48,81,19,16.24,SO,1658856697
455,san lorenzo,-25.33,-57.53,90.59,33,0,14.0,PY,1658856697
456,marrakesh,31.63,-8.01,109.47,14,20,8.05,MA,1658856697
457,kloulklubed,7.04,134.26,73.9,71,99,5.35,PW,1658856698
458,kiruna,67.86,20.23,59.92,94,100,0.0,SE,1658856698
459,llanes,43.42,-4.75,66.97,74,63,3.11,ES,1658856698
460,mitu,1.2,-70.17,83.7,66,74,3.31,CO,1658856699
461,anito,12.45,125.29,77.88,89,86,4.61,PH,1658856699
462,lady frere,-31.7,27.23,55.18,49,33,5.48,ZA,1658856699
463,nikolayevsk-na-amure,53.14,140.73,56.93,96,100,3.06,RU,1658856700
464,ulaangom,49.98,92.07,59.0,47,74,2.59,MN,1658856700
465,lanzhou,36.06,103.79,65.35,76,78,16.02,CN,1658856579
466,manicore,-5.81,-61.3,94.95,41,0,4.61,BR,1658856701
467,baudh,20.84,84.32,78.37,92,63,5.26,IN,1658856701
468,yangjiang,21.85,111.97,81.39,82,5,3.83,CN,1658856667
469,keita,14.76,5.77,95.25,37,87,10.11,NE,1658856702
470,port-cartier,50.03,-66.87,69.75,51,83,11.65,CA,1658856702
471,oum hadjer,13.3,19.7,88.41,51,97,16.28,TD,1658856702
472,tokmak,47.25,35.71,66.47,68,94,6.8,UA,1658856703
473,sotnikovskoye,45.0,43.78,74.59,62,80,1.52,RU,1658856703
474,steinbach,50.17,8.57,79.0,36,0,9.22,DE,1658856704
475,rio grande,-32.03,-52.1,69.91,84,77,9.48,BR,1658856704
476,halifax,44.65,-63.57,82.69,70,40,14.97,CA,1658856464
477,olkhovatka,50.28,39.29,65.48,91,95,2.64,RU,1658856705
478,hohhot,40.81,111.65,64.69,88,0,2.24,CN,1658856705
479,shieli,44.17,66.75,83.08,33,0,10.0,KZ,1658856706
480,sabang,5.89,95.32,81.3,76,100,8.88,ID,1658856706
481,henties bay,-22.12,14.28,55.11,86,9,8.59,NA,1658856707
482,rio de janeiro,-22.9,-43.21,80.55,77,20,14.97,BR,1658856593
483,poum,-20.23,164.02,73.06,73,61,10.36,NC,1658856707
484,dawlatabad,36.41,64.91,92.35,15,0,5.68,AF,1658856707
485,solnechnyy,50.72,136.63,59.18,96,60,3.67,RU,1658856708
486,moron,-34.65,-58.62,73.8,85,100,4.9,AR,1658856708
487,darnah,32.77,22.64,80.11,76,0,16.2,LY,1658856709
488,foam lake,51.65,-103.53,60.82,47,69,17.54,CA,1658856709
489,nuevo progreso,23.17,-97.95,94.53,49,41,5.01,MX,1658856709
490,mecca,21.43,39.83,95.18,34,36,2.91,SA,1658856625
491,ngorongoro,-3.24,35.49,51.78,58,31,4.09,TZ,1658856710
492,sao felix do xingu,-6.64,-52.0,96.12,26,74,5.55,BR,1658856710
493,hobyo,5.35,48.53,76.33,83,37,25.95,SO,1658856710
494,newcastle,-32.93,151.78,51.71,72,26,17.27,AU,1658856522
495,port-gentil,-0.72,8.78,76.96,78,75,11.5,GA,1658856711
496,alakurtti,66.97,30.35,63.88,92,100,6.13,RU,1658856711
497,breves,-1.68,-50.48,88.88,53,96,5.46,BR,1658856712
498,canton,23.12,113.25,87.87,60,18,9.17,CN,1658856445
499,saint-joseph,-21.37,55.62,66.58,80,41,6.8,RE,1658856712
500,vanimo,-2.67,141.3,76.98,90,83,5.32,PG,1658856713
501,irituia,-1.77,-47.44,89.92,48,87,3.85,BR,1658856713
502,soria,41.67,-2.67,78.12,46,3,7.07,ES,1658856713
503,namibe,-15.2,12.15,64.27,77,26,5.82,AO,1658856714
504,zarautz,43.28,-2.17,74.75,65,7,6.31,ES,1658856715
505,ketchikan,55.34,-131.65,66.67,77,0,14.97,US,1658856715
506,ostrovskoye,57.81,42.24,67.14,83,52,5.35,RU,1658856715
507,agadez,19.75,10.25,94.06,11,6,8.97,NE,1658856716
508,doha,25.29,51.53,100.71,68,92,6.91,QA,1658856716
509,araguaina,-7.19,-48.21,96.78,21,78,7.02,BR,1658856717
510,monrovia,6.3,-10.8,82.17,77,97,7.29,LR,1658856649
511,suleja,9.18,7.18,75.63,86,87,2.73,NG,1658856718
512,roma,43.21,-75.46,75.69,60,100,11.5,US,1658856668
513,miri,4.41,114.01,78.94,94,40,2.3,MY,1658856718
514,buala,-8.14,159.59,78.57,85,50,5.86,SB,1658856718
515,apt,43.88,5.4,86.76,27,0,18.61,FR,1658856719
516,livani,56.35,26.18,67.73,80,94,4.88,LV,1658856719
517,eshowe,-28.89,31.47,49.91,87,0,5.21,ZA,1658856720
518,kodinsk,58.69,99.18,57.18,96,100,11.48,RU,1658856720
519,tambopata,-12.73,-69.18,85.89,62,75,3.44,PE,1658856721
520,cabedelo,-6.98,-34.83,83.07,75,73,13.94,BR,1658856721
521,naklo nad notecia,53.14,17.6,73.44,64,90,9.8,PL,1658856721
522,inhambane,-23.86,35.38,64.38,72,0,0.0,MZ,1658856722
523,manono,-7.3,27.42,80.74,30,16,5.19,CD,1658856722
524,kaminoyama,38.15,140.27,75.9,97,38,0.76,JP,1658856723
525,maitum,6.04,124.5,78.33,83,95,4.88,PH,1658856723
526,mayumba,-3.43,10.66,71.22,84,83,6.26,GA,1658856723
527,wewak,-3.55,143.63,79.03,87,99,11.5,PG,1658856724
528,san cayetano,7.88,-72.62,81.48,83,75,4.61,CO,1658856724
529,narasannapeta,18.42,84.05,81.28,84,30,4.34,IN,1658856725
530,hailar,49.2,119.7,65.25,85,99,10.63,CN,1658856725
531,krasnyy chikoy,50.36,108.75,53.69,90,100,5.06,RU,1658856725
532,beloha,-25.17,45.05,61.92,71,2,4.23,MG,1658856726
533,kijang,35.24,129.21,76.73,88,0,7.29,KR,1658856726
534,vardo,70.37,31.11,55.99,94,100,9.53,NO,1658856727
535,lawrenceburg,38.04,-84.9,75.99,93,100,6.91,US,1658856291
536,wajima,37.4,136.9,75.7,90,1,4.16,JP,1658856727
537,luchegorsk,46.48,134.26,65.55,94,0,1.39,RU,1658856728
538,kon tum,14.35,108.0,69.96,97,88,1.83,VN,1658856728
539,shiraz,29.6,52.54,89.04,11,75,0.0,IR,1658856729
540,san vicente,-26.62,-54.13,81.91,34,1,2.8,AR,1658856729
541,santa fe,-31.63,-60.7,87.03,52,87,7.52,AR,1658856516
542,lahaina,20.88,-156.68,78.8,87,64,7.58,US,1658856730
543,karacabey,40.22,28.4,80.98,53,0,7.61,TR,1658856730
544,qingquan,30.45,115.26,82.31,81,22,3.69,CN,1658856730
545,jijiga,9.35,42.8,68.23,49,52,16.98,ET,1658856731
546,haines junction,60.75,-137.51,64.35,55,85,13.8,CA,1658856731
547,inta,66.03,60.17,52.57,74,100,13.76,RU,1658856731
548,suez,29.97,32.53,84.4,33,0,14.27,EG,1658856732
549,scarborough,54.28,-0.4,62.33,70,66,1.99,GB,1658856653
550,wanaka,-44.7,169.15,40.1,96,100,1.01,NZ,1658856442
551,mandalgovi,45.76,106.27,56.16,73,34,10.31,MN,1658856732
552,rawson,-43.3,-65.1,46.38,96,100,7.27,AR,1658856698
553,yeppoon,-23.13,150.73,55.18,79,0,9.19,AU,1658856733
554,jardim,-21.48,-56.14,94.64,18,0,6.58,BR,1658856733
555,katobu,-4.94,122.53,73.11,90,90,4.65,ID,1658856734
556,rosarito,32.33,-117.03,81.41,70,48,7.25,MX,1658856734
557,bouafle,6.99,-5.74,77.72,71,100,0.04,CI,1658856735
558,el rosario,24.26,-107.18,89.91,57,100,6.98,MX,1658856735
559,luyang,27.62,110.1,77.58,76,52,3.65,CN,1658856735
560,misratah,32.38,15.09,84.11,61,0,9.48,LY,1658856736
561,pundaguitan,6.37,126.17,81.36,76,95,3.58,PH,1658856736
